{
  "$schema": "http://json-schema.org/draft-04/schema#",
  "type": "object",
  "properties": {
    "InterchangeHeader": {
      "$ref": "#/definitions/Header"
    },
    "Message": {
      "$ref": "#/definitions/Message"
    },
    "InterchangeTrailer": {
      "$ref": "#/definitions/Trailer"
    },
    "TransactionInstruction": {
      "$ref": "#/definitions/Transaction"
    }
  },
  "definitions": {
    "Header": {
      "type": "object",
      "properties": {
        "InterchangeSender": {
          "type": "string"
        },
        "InterchangeRecipient": {
          "type": "string"
        },
        "DateOfPreparation": {
          "type": "string"
        }
      },
      "required": ["InterchangeSender", "InterchangeRecipient", "DateOfPreparation"]
    },
    "Message": {
      "type": "object",
      "properties": {
        "MessageType": {
          "type": "string"
        },
        "DocumentMessageNameCoded": {
          "type": "string"
        },
        "DateTimePeriod": {
          "type": "array",
          "items": {
            "type": "string"
          }
        },
        "ServiceRequirementCoded": {
          "type": "array",
          "items": {
            "type": "string"
          }
        },
        "ControlTotal": {
          "type": "array",
          "items": {
            "$ref": "#/definitions/Control"
          }
        }
      },
      "required": ["MessageType", "DocumentMessageNameCoded"]
    },
    "Control": {
      "type": "object",
      "properties": {
        "ControlQualifier": {
          "type": "string"
        },
        "ControlValue": {
          "type": "number"
        },
        "MeasureUnitQualifier": {
          "type": "string"
        }
      },
      "required": ["ControlQualifier", "ControlValue", "MeasureUnitQualifier"]
    },
    "Trailer": {
      "type": "object",
      "properties": {
        "InterchangeControlReference": {
          "type": "string"
        }
      },
      "required": ["InterchangeControlReference"]
    },
    "Transaction": {
      "type": "object",
      "properties": {
        "InterchangeHeader": {
          "$ref": "#/definitions/Header"
        },
        "Message": {
          "$ref": "#/definitions/Message"
        },
        "InterchangeTrailer": {
          "$ref": "#/definitions/Trailer"
        }
      },
      "required": ["InterchangeHeader", "Message", "InterchangeTrailer"]
    }
  },
  "required": ["InterchangeHeader", "Message", "InterchangeTrailer", "TransactionInstruction"]
}

